project_name,unit_ref,developer,beds_raw,baths_raw,status,property_type,price_raw,price_amount,price_display_type,price_display_label,price_furnished_raw,price_furnished_amount,price_unfurnished_raw,price_unfurnished_amount,listing_type,size_raw,size_sqft,payment_plan,brochure_url,maps_url,media_url,notes,source,dataset_id,raw_data,details_json
Binghatti Tulip,UNIT 2411,Binghatti,Studio,,VOT,Apartment,"AED 755,000 | AED 735,000",755000,FURNISHED,Furnished,"AED 755,000",755000,"AED 735,000",735000,SALE,304.19 SQFT,304.19,Fully Paid 100%,,,,Location: JVC District 11 - Dubai,MANUAL,,,"{""location"": ""JVC District 11 - Dubai"", ""view"": ""PARK & JVC Community"", ""amenities"": [""Swimming Pool"", ""Kids Play Area"", ""Gymnasium""], ""features"": [""Smart Home"", ""Kitchen Appliances (TEKA Brand)""], ""commission_pct"": 2, ""payment_plan"": ""Fully Paid 100%"", ""media_note"": ""Click to Open Media File""}"
Neva Residences (HOT OFFER),UNIT 505,Tiger,1 B/R,2 Bath,Handover Soon,Apartment,"AED 1,110,000",1110000,SINGLE,Price,,,,,SALE,798.14 SQFT,798.14,Fully Paid 100%,,,,Location: JVC District 16 - Dubai | Store Room,MANUAL,,,"{""location"": ""JVC District 16 - Dubai"", ""view"": ""Community View"", ""amenities"": [""BBQ"", ""Gym"", ""Kids Play Area"", ""Pool"", ""Walking Track""], ""features"": [""Kitchen Appliances - Furnished""], ""commission_pct"": 2, ""payment_plan"": ""Fully Paid 100%"", ""media_note"": ""Click to Open Media File""}"
CASA GRANDE,UNIT 105,Al Jadeed Properties,1 B/R,2 Bath,VOT,Apartment,"AED 1,100,000 | AED 1,080,000",1100000,FURNISHED,Furnished,"AED 1,100,000",1100000,"AED 1,080,000",1080000,SALE,1325.25 SQFT,1325.25,Fully Paid 100%,,,,Location: JVC District 11 - Dubai | Close to Circle Mall; HUGE SIZE UNIT,MANUAL,,,"{""location"": ""JVC District 11 - Dubai"", ""view"": ""Community View"", ""amenities"": [""Pool"", ""Gym"", ""Kids Play Area"", ""Park""], ""features"": [""Fully Furnished --- Upgraded""], ""commission_pct"": 2, ""payment_plan"": ""Fully Paid 100%"", ""media_note"": ""Click to Open Media File""}"
Binghatti Phoenix,UNIT 221,Binghatti,1 B/R,2 Bath,Vacant,Apartment,"AED 1,365,000",1365000,SINGLE,Price,,,,,SALE,764.88 SQFT,764.88,Fully Paid 100%,,,,Location: JVC District 13 - Dubai,MANUAL,,,"{""location"": ""JVC District 13 - Dubai"", ""view"": ""Amenities & Community View"", ""amenities"": [""Pool"", ""Gym"", ""Kids Play Area"", ""Park""], ""features"": [""TEKA Smart Kitchen Appliances""], ""commission_pct"": 2, ""payment_plan"": ""Fully Paid 100%"", ""media_note"": ""Click to Open Media File""}"
Binghatti Gardenia,UNIT 3009,Binghatti,1 B/R,2 Bath,VOT,Apartment,"AED 1,200,000 | AED 1,180,000",1200000,FURNISHED,Furnished,"AED 1,200,000",1200000,"AED 1,180,000",1180000,SALE,649.6 SQFT,649.6,Fully Paid 100%,,,,Location: JVC District 11 - Dubai,MANUAL,,,"{""location"": ""JVC District 11 - Dubai"", ""view"": ""Community View"", ""amenities"": [""Pool"", ""Gym"", ""Kids Play Area"", ""Park""], ""features"": [""Fully Furnished --- TEKA Kitchen Appliances""], ""commission_pct"": 2, ""payment_plan"": ""Fully Paid 100%"", ""media_note"": ""Click to Open Media File""}"
Binghatti Apex,UNIT 3308,Binghatti,1 B/R,2 Bath,Handover Soon,Apartment,"AED 1,415,000",1415000,SINGLE,Price,,,,,SALE,839.04 SQFT,839.04,Fully Paid 100%,,,,Location: JVC District 10 - Dubai,MANUAL,,,"{""location"": ""JVC District 10 - Dubai"", ""view"": ""Al Khail, Emirates Hills, JLT & Marina"", ""amenities"": [""Swimming Pool"", ""State-of-the-art Gym"", ""Kids Play Area"", ""Public Park""], ""features"": [""Smart Kitchen Appliances (TEKA Brand)"", ""High Floor""], ""commission_pct"": 2, ""payment_plan"": ""Fully Paid 100%"", ""media_note"": ""Click to Open Media File""}"
Binghatti Apex,UNIT 3309,Binghatti,2 B/R,2 Bath,Handover Soon,Apartment,"AED 1,415,000",1415000,SINGLE,Price,,,,,SALE,839.04 SQFT,839.04,Fully Paid 100%,,,,Location: JVC District 10 - Dubai,MANUAL,,,"{""location"": ""JVC District 10 - Dubai"", ""view"": ""Al Khail, Emirates Hills, JLT & Marina --- High Floor"", ""features"": [""Smart Kitchen Appliances (TEKA Brand)"", ""High Floor""], ""commission_pct"": 2, ""payment_plan"": ""Fully Paid 100%"", ""media_note"": ""Click to Open Media File""}"
Binghatti Crest (HOT OFFER),UNIT 704,Binghatti,2 B/R + Maid,,VOT,Apartment,"AED 1,440,000 | AED 1,425,000",1440000,FURNISHED,Furnished,"AED 1,440,000",1440000,"AED 1,425,000",1425000,SALE,959.82 SQFT,959.82,Fully Paid 100%,,,,Location: JVC District 13 - Dubai,MANUAL,,,"{""location"": ""JVC District 13 - Dubai"", ""view"": ""Community View"", ""features"": [""Fully Furnished --- Kitchen Appliances"", ""VASTU""], ""commission_pct"": 2, ""payment_plan"": ""Fully Paid 100%"", ""media_note"": ""Click to Open Media File""}"
Joya Verde Residence,UNIT 310,Green Yard,"2 B/R, Maid",,Vacant,Apartment,"AED 1,490,000",1490000,SINGLE,Price,,,,,SALE,1494.46 SQFT,1494.46,Fully Paid 100%,,,,Location: JVC District 11 - Dubai,MANUAL,,,"{""location"": ""JVC District 11 - Dubai"", ""view"": ""JVC Community"", ""amenities"": [""Pool"", ""Jacuzzi"", ""Full Gym"", ""Rooftop Garden"", ""Kids Play Area"", ""Sports Courts"", ""BBQ""], ""commission_pct"": 2, ""payment_plan"": ""Fully Paid 100%"", ""media_note"": ""Click to Open Media File""}"
Neva Residences,UNIT 722,Tiger,2 B/R,3 Bath,Handover Soon,Apartment,"AED 1,515,000",1515000,SINGLE,Price,,,,,SALE,1133.55 SQFT,1133.55,Fully Paid 100%,,,,Location: JVC District 16 - Dubai,MANUAL,,,"{""location"": ""JVC District 16 - Dubai"", ""view"": ""Community View"", ""amenities"": [""BBQ"", ""Gym"", ""Kids Play Area"", ""Pool"", ""Walking Track""], ""features"": [""Kitchen Appliances""], ""commission_pct"": 2, ""payment_plan"": ""Fully Paid 100%"", ""media_note"": ""Click to Open Media File""}"
Binghatti House,UNIT 1105,Binghatti,2 B/R + Private Pool,,Vacant,Apartment,"AED 1,770,000",1770000,SINGLE,Price,,,,,SALE,1111.48 SQFT,1111.48,Fully Paid 100%,,,,Location: JVC District 10 - Dubai,MANUAL,,,"{""location"": ""JVC District 10 - Dubai"", ""view"": ""Marina View & JVC Villa Community"", ""amenities"": [""Pool"", ""Kids Play Area"", ""Gym""], ""features"": [""Smart Home"", ""Kitchen Appliances"", ""ROYAL SUITE WITH PRIVATE POOL""], ""commission_pct"": 2, ""payment_plan"": ""Fully Paid 100%"", ""media_note"": ""Click to Open Media File""}"
Golf Grand (HOT OFFER),UNIT 209,Dubai Hills Estate,1 B/R,,Handover Soon,Apartment,"AED 1,565,000",1565000,SINGLE,Price,,,,,SALE,675.973 SQFT,675.973,"100% Completed | AED 1,137,388",,,,Location: Dubai Hills Estate,MANUAL,,,"{""location"": ""Dubai Hills Estate"", ""view"": ""Burj Khalifa View"", ""amenities"": [""Pools"", ""Gym"", ""Yoga Decks"", ""Sports Courts"", ""Skate Park"", ""Dog Parks"", ""BBQ""], ""commission_pct"": 2, ""payment_plan"": ""100% Completed | AED 1,137,388"", ""media_note"": ""Click to Open Media File""}"
Hills Park,UNIT 224,Dubai Hills Estate,1 B/R,2 Bath,Handover Soon,Apartment,"AED 1,820,000",1820000,SINGLE,Price,,,,,SALE,675.973 SQFT,675.973,Fully Paid 100%,,,,Location: Dubai Hills Estate,MANUAL,,,"{""location"": ""Dubai Hills Estate"", ""view"": ""Pool and Dubai Hills"", ""amenities"": [""Gym"", ""Yoga Decks"", ""Sports Courts"", ""Skate Park"", ""Amphitheatre"", ""BBQ"", ""Dubai Hills Park"", ""Mall"", ""Golf Course"", ""Schools""], ""commission_pct"": 2, ""payment_plan"": ""Fully Paid 100%"", ""media_note"": ""Click to Open Media File""}"
Equiti Home (HOT OFFER),UNIT 134,BNH,1 B/R,2 Bath,Handover Soon,Apartment,"AED 990,000",990000,SINGLE,Price,,,,,SALE,727.74 SQFT,727.74,"On Handover AED 86,238",,,,Location: Furjan,MANUAL,,,"{""location"": ""Furjan"", ""view"": ""Community View"", ""amenities"": [""Pool"", ""Gym"", ""Kids' Play Area"", ""Padel"", ""Basketball"", ""Tennis"", ""Co-working"", ""Retail"", ""Zen Zone"", ""Landscaped Podium""], ""features"": [""Kitchen Appliances""], ""commission_pct"": 2, ""payment_plan"": ""On Handover AED 86,238"", ""media_note"": ""Click to Open Media File""}"
Azizi Amber (HOT OFFER),UNIT 411,Azizi,2 B/R,2 Bath,Vacant,Apartment,"AED 1,315,000",1315000,SINGLE,Price,,,,,SALE,988.13 SQFT,988.13,Fully Paid 100%,,,,Location: Furjan,MANUAL,,,"{""location"": ""Furjan"", ""view"": ""Partial Murooj Villas"", ""amenities"": [""Pool"", ""Gym"", ""Jogging"", ""BBQ"", ""Shops"", ""Sauna/Steam"", ""Supermarket"", ""Social Halls""], ""features"": [""Kitchen Appliances"", ""VASTU"", ""Chiller Free""], ""commission_pct"": 2, ""payment_plan"": ""Fully Paid 100%"", ""media_note"": ""Click to Open Media File""}"
Millennium Binghatti Residences (HOT OFFER),UNIT 503,Damac,1 B/R,2 Bath,Vacant,Apartment,"AED 1,365,000",1365000,SINGLE,Price,,,,,SALE,856.91 SQFT,856.91,Fully Paid 100%,,,,Location: Business Bay,MANUAL,,,"{""location"": ""Business Bay"", ""view"": ""Water & Swimming Pool"", ""amenities"": [""Gym"", ""Health Club"", ""Children's Area"", ""Swimming Pools""], ""features"": [""VASTU""], ""commission_pct"": 2, ""payment_plan"": ""Fully Paid 100%"", ""media_note"": ""Click to Open Media File""}"
AYKON CITY 2 --- TOWER C,UNIT 1910,Damac,2 B/R,2 Bath,VOT,Apartment,"AED 1,900,000 | AED 1,870,000",1900000,FURNISHED,Furnished,"AED 1,900,000",1900000,"AED 1,870,000",1870000,SALE,815.47 SQFT,815.47,Fully Paid 100%,,,,Location: Business Bay,MANUAL,,,"{""location"": ""Business Bay"", ""view"": ""Open Water, Urban View & Al Khail Racecourse"", ""amenities"": [""Pool"", ""Gym"", ""Children's Pool"", ""BBQ"", ""SPA""], ""features"": [""Furniture & Kitchen Appliances"", ""VASTU""], ""commission_pct"": 2, ""payment_plan"": ""Fully Paid 100%"", ""media_note"": ""Click to Open Media File""}"
AYKON CITY 2 --- TOWER C (HOT OFFER),UNIT 3907,Damac,2 B/R,2 Bath,Vacant,Apartment,"AED 1,770,000",1770000,SINGLE,Price,,,,,SALE,812.89 SQFT,812.89,Fully Paid 100%,,,,Location: Business Bay,MANUAL,,,"{""location"": ""Business Bay"", ""view"": ""Open Water, Urban View & Al Khail Racecourse"", ""amenities"": [""Pool"", ""Gym"", ""Children's Pool"", ""SPA"", ""BBQ""], ""features"": [""Kitchen Appliances"", ""VASTU""], ""commission_pct"": 2, ""payment_plan"": ""Fully Paid 100%"", ""media_note"": ""Click to Open Media File""}"
Damac Majestine,UNIT 715,Damac,3 Master B/R,4 Bath,Vacant,Apartment,"AED 1,685,000 | AED 2,650,000",1685000,FURNISHED,Furnished,"AED 1,685,000",1685000,"AED 2,650,000",2650000,SALE,1420.41 SQFT,1420.41,Fully Paid 100%,,,,Location: Business Bay,MANUAL,,,"{""location"": ""Business Bay"", ""view"": ""Park and Pool"", ""amenities"": [""Gym"", ""Pool"", ""Spa"", ""Sauna"", ""Kids' Area"", ""Caf--"", ""Concierge"", ""24/7 Security""], ""features"": [""Luxury Upgraded"", ""Fully Furnished"", ""Two Parking Spaces""], ""commission_pct"": 2, ""payment_plan"": ""Fully Paid 100%"", ""media_note"": ""Click to Open Media File""}"
AZIZI Gardens (HOT OFFER),UNIT 409,Azizi,1 B/R,,Good Deal --- Vacant,Apartment,"AED 1,005,000",1005000,SINGLE,Price,,,,,SALE,511.61 SQFT,511.61,Fully Paid 100%,,,,Location: Nad Al Sheba 1 - Dubai,MANUAL,,,"{""location"": ""Nad Al Sheba 1 - Dubai"", ""view"": ""Meydan Hotel View & Race Course"", ""amenities"": [""Gym"", ""Pool"", ""Yoga Room"", ""Zen Garden"", ""BBQ"", ""Kids' Area""], ""features"": [""Kitchen Appliances""], ""commission_pct"": 2, ""payment_plan"": ""Fully Paid 100%"", ""media_note"": ""Click to Open Media File""}"
Sobha Hartland Waves,UNIT 606,Sobha,1 B/R,,Vacant,Apartment,"AED 1,365,000",1365000,SINGLE,Price,,,,,SALE,607.3 SQFT,607.3,Fully Paid 100%,,,,Location: MBR City - Nad Al Sheba 1,MANUAL,,,"{""location"": ""MBR City - Nad Al Sheba 1"", ""view"": ""Kid Play Area, Direct Access"", ""amenities"": [""Pool"", ""Gym"", ""Jogging Track"", ""Sauna"", ""Steam"", ""BBQ"", ""Yoga"", ""Zen"", ""Jacuzzi"", ""Cinema"", ""Boardwalk""], ""commission_pct"": 2, ""payment_plan"": ""Fully Paid 100%"", ""media_note"": ""Click to Open Media File""}"
AZIZI RIVIERA 7,UNIT 906,Azizi,1 B/R,,Brand New --- Rented AED 110K,Apartment,"AED 1,820,000",1820000,SINGLE,Price,,,,,SALE,922.57 SQFT,922.57,Fully Paid 100%,,,,Location: Meydan - MBR City - Dubai,MANUAL,,,"{""location"": ""Meydan - MBR City - Dubai"", ""view"": ""Premium Canal & Pool View | Corner Unit"", ""amenities"": [""Pool"", ""Gym"", ""Yoga"", ""Zen"", ""Lounges"", ""BBQ"", ""Schools"", ""Retail""], ""features"": [""Furnished""], ""commission_pct"": 2, ""payment_plan"": ""Fully Paid 100%"", ""media_note"": ""Click to Open Media File""}"
AZIZI RIVIERA 26 (HOT OFFER),UNIT 229,Azizi,2 B/R,,Brand New,Apartment,"AED 1,770,000",1770000,SINGLE,Price,,,,,SALE,819.78 SQFT,819.78,Fully Paid 100%,,,,Location: Meydan - MBR City - Dubai,MANUAL,,,"{""location"": ""Meydan - MBR City - Dubai"", ""view"": ""Community & Pool"", ""amenities"": [""Gym"", ""Yoga"", ""Zen Garden"", ""BBQ"", ""Kids' Area""], ""commission_pct"": 2, ""payment_plan"": ""Fully Paid 100%"", ""media_note"": ""Click to Open Media File""}"
The Crest Tower B,UNIT B0709,Sobha,2 B/R,,Brand New,Apartment,"AED 2,045,000",2045000,SINGLE,Price,,,,,SALE,819.78 SQFT,819.78,Fully Paid 100%,,,,Location: Sobha Hartland - MBR City,MANUAL,,,"{""location"": ""Sobha Hartland - MBR City"", ""view"": ""Dubai Frame, Creek Harbour & Waterfront"", ""amenities"": [""Pool"", ""Gym"", ""Sauna"", ""Yoga"", ""Zen"", ""Jacuzzi"", ""Cinema"", ""Boardwalk""], ""commission_pct"": 2, ""payment_plan"": ""Fully Paid 100%"", ""media_note"": ""Click to Open Media File""}"
Creek Beach --- Cedar 1,UNIT 105,Emaar,1 B/R,,Handover Soon,Apartment,"AED 1,715,000",1715000,SINGLE,Price,,,,,SALE,721.5 SQFT,721.5,Fully Paid 100%,,,,Location: Al Khairan First - Dubai Creek Harbour,MANUAL,,,"{""location"": ""Al Khairan First - Dubai Creek Harbour"", ""view"": ""Direct access to Amenities"", ""amenities"": [""Community & Kids--- Pool"", ""Gym"", ""BBQ"", ""Splash Pads"", ""Multipurpose Hall"", ""Caf--s"", ""Retail"", ""Creek Beach Access""], ""commission_pct"": 2, ""payment_plan"": ""Fully Paid 100%"", ""media_note"": ""Click to Open Media File""}"
Creek Beach --- Savanna 1,UNIT 403,Emaar,2 B/R,2 Bath,Handover Soon,Apartment,"AED 2,625,000",2625000,SINGLE,Price,,,,,SALE,1057.45 SQFT,1057.45,Fully Paid 100%,,,,Location: Al Khairan First - Dubai Creek Harbour,MANUAL,,,"{""location"": ""Al Khairan First - Dubai Creek Harbour"", ""view"": ""Creek Harbour View + Urban View"", ""amenities"": [""Community & Kids--- Pool"", ""Gym"", ""BBQ"", ""Splash Pads"", ""Multipurpose Hall"", ""Caf--s"", ""Retail"", ""Creek Beach Access""], ""commission_pct"": 2, ""payment_plan"": ""Fully Paid 100%"", ""media_note"": ""Click to Open Media File""}"
Creek Beach --- Savanna 3,UNIT 704,Emaar,2 B/R,2 Bath,Handover Soon,Apartment,"AED 2,880,000",2880000,SINGLE,Price,,,,,SALE,1022.89 SQFT,1022.89,Fully Paid 100%,,,,Location: Al Khairan First - Dubai Creek Harbour,MANUAL,,,"{""location"": ""Al Khairan First - Dubai Creek Harbour"", ""view"": ""Creek Harbour Sea View"", ""amenities"": [""Community & Kids--- Pool"", ""Gym"", ""BBQ"", ""Splash Pads"", ""Multipurpose Hall"", ""Caf--s"", ""Retail"", ""Creek Beach Access""], ""commission_pct"": 2, ""payment_plan"": ""Fully Paid 100%"", ""media_note"": ""Click to Open Media File""}"
SKYROS Samana (HOT OFFER),UNIT 1024,Samana,Studio,,Handover 06-2026,Apartment,"AED 810,000",810000,SINGLE,Price,,,,,SALE,432 SQFT,432,"AED 7,301/mo: 28/08/2023 to 28/08/2025; AED 14,603/mo: 28/04/2025 to 28/06/2026; AED 43,809 due at 28/01/2025",,,,Location: Arjan-Dubailand - Dubai,MANUAL,,,"{""location"": ""Arjan-Dubailand - Dubai"", ""handover"": ""06-2026"", ""view"": ""Miracle Garden"", ""amenities"": [""Rooftop Park"", ""Fitness Center"", ""Private Pool"", ""Outdoor Cinema""], ""features"": [""Studio + Private Pool""], ""commission_pct"": 2, ""payment_plan"": ""AED 7,301/mo: 28/08/2023 to 28/08/2025; AED 14,603/mo: 28/04/2025 to 28/06/2026; AED 43,809 due at 28/01/2025"", ""media_note"": ""Click to Open Media File""}"
Miami by SD (HOT OFFER),UNIT 119,Samana,1 B/R,,Handover Q2-2026,Apartment,"AED 985,000",985000,SINGLE,Price,,,,,SALE,815.69 SQFT,815.69,Fully Paid 100%,,,,Location: Jumeirah Village Triangle - Dubai,MANUAL,,,"{""location"": ""Jumeirah Village Triangle - Dubai"", ""handover"": ""Q2-2026"", ""view"": ""JVT Community"", ""amenities"": [""Gym"", ""Pools"", ""Steam Room"", ""BBQ"", ""Outdoor Cinema"", ""Kids Play"", ""Sauna"", ""Jacuzzi"", ""Water Features"", ""Club House""], ""features"": [""PRIVATE POOL"", ""Smart Home""], ""commission_pct"": 2, ""payment_plan"": ""Fully Paid 100%"", ""media_note"": ""Click to Open Media File""}"
Oceanz Danube Tower 2,UNIT 2112,Danube,Studio,,Handover 02-2027,Apartment,"AED 1,315,000",1315000,SINGLE,Price,,,,,SALE,427.43 SQFT,427.43,Until 05/01/2030,,,,Location: Dubai Maritime City - Dubai,MANUAL,,,"{""location"": ""Dubai Maritime City - Dubai"", ""handover"": ""02-2027"", ""view"": ""Full Sea View"", ""amenities"": [""Pool"", ""SPA"", ""Gym"", ""Floating Cinema"", ""Paddle Tennis"", ""Aquatic Gym"", ""Basketball"", ""Jacuzzi""], ""features"": [""Inimitable Italian styled (Interiors by Lamborghini)""], ""commission_pct"": 2, ""payment_plan"": ""Until 05/01/2030"", ""media_note"": ""Click to Open Media File""}"
Reportage Vista 3,UNIT 2,Reportage Prime Properties,2 B/R,,Handover Q4 - 2027,Apartment,"AED 1,999,000",1999000,SINGLE,Price,,,,,SALE,1211 SQFT,1211,Fully Paid 100%,,,,Location: Al Reem Island - Abu Dhabi,MANUAL,,,"{""location"": ""Al Reem Island - Abu Dhabi"", ""handover"": ""Q4-2027"", ""view"": ""Sea View"", ""amenities"": [""Pool"", ""SPA"", ""Gym""], ""commission_pct"": 3, ""payment_plan"": ""Fully Paid 100%"", ""media_note"": ""Click to Open Media File""}"
Volta Tower,UNIT 3302,DAMAC,1 B/R,,Handover 05-2028,Apartment,"AED 2,800,000",2800000,SINGLE,Price,,,,,SALE,688.78 SQFT,688.78,"Various post-dated installments (AED 60,300---80,480); Final Handover: AED 402,000",,,,Location: Sheikh Zayed Road - Burj Khalifa View,MANUAL,,,"{""location"": ""Sheikh Zayed Road - Burj Khalifa View"", ""handover"": ""05-2028"", ""view"": ""Burj Khalifa View"", ""amenities"": [""SPA"", ""SKY POOL"", ""GYM"", ""Boxing Zone"", ""TRX Stations"", ""Sky Yoga"", ""Jogging Track""], ""commission_pct"": 3, ""payment_plan"": ""Various post-dated installments (AED 60,300---80,480); Final Handover: AED 402,000"", ""media_note"": ""Click to Open Media File""}"
